config_name,stage,butterfly_width,coverage_band_width,center_tolerance,recenter_threshold,drift_persistence_bars,rebuild_cooldown_minutes,max_layers,primary_stop_loss_pct,primary_take_profit_pct,net_dollar_pnl,return_on_capital,max_drawdown_dollars,corridor_occupancy_rate,average_rebuilds_per_day,closed_layers,win_rate_by_closed_layer,profit_factor_by_closed_layer,profit_factor_by_day,best_day_pnl_dollars,worst_day_pnl_dollars,max_gross_deployment_dollars
structural_w80_cb160_tol12p5_rt16_dp8_cd60_ml2_sl0p25_tp0p2,structural,80.0,160.0,12.5,16.0,8,60,2,0.25,0.2,91437.455,0.914375,-1384.7,0.5972,0.452,561,0.97148,205.252195,380.120024,1628.1807,-115.9196,6361.8
structural_w80_cb160_tol12p5_rt16_dp8_cd90_ml2_sl0p25_tp0p2,structural,80.0,160.0,12.5,16.0,8,90,2,0.25,0.2,89917.7664,0.899178,-1384.7,0.5972,0.408,551,0.969147,188.575109,373.819057,1478.9124,-115.9196,6361.8
structural_w80_cb160_tol12p5_rt18_dp8_cd60_ml2_sl0p25_tp0p2,structural,80.0,160.0,12.5,18.0,8,60,2,0.25,0.2,88877.5771,0.888776,-1384.7,0.5972,0.416,547,0.968921,195.276624,369.506201,1626.134,-115.9196,6361.8
structural_w80_cb160_tol12p5_rt18_dp8_cd90_ml2_sl0p25_tp0p2,structural,80.0,160.0,12.5,18.0,8,90,2,0.25,0.2,87280.7169,0.872807,-1384.7,0.5972,0.368,536,0.966418,179.422667,362.885263,1478.9124,-115.9196,6361.8
structural_w80_cb160_tol12p5_rt16_dp10_cd60_ml2_sl0p25_tp0p2,structural,80.0,160.0,12.5,16.0,10,60,2,0.25,0.2,86914.7019,0.869147,-1432.79,0.5972,0.348,530,0.967925,178.442326,237.612749,1676.0339,-126.1455,6361.8
structural_w80_cb160_tol12p5_rt16_dp10_cd90_ml2_sl0p25_tp0p2,structural,80.0,160.0,12.5,16.0,10,90,2,0.25,0.2,85645.0704,0.856451,-1432.79,0.5972,0.316,522,0.965517,165.222216,234.156361,1510.7215,-126.1455,6361.8
structural_w80_cb160_tol12p5_rt20_dp8_cd60_ml2_sl0p25_tp0p2,structural,80.0,160.0,12.5,20.0,8,60,2,0.25,0.2,85172.9887,0.85173,-1384.7,0.5972,0.336,521,0.96929,191.105841,354.146153,1478.9124,-115.9196,6361.8
structural_w80_cb160_tol12p5_rt20_dp8_cd90_ml2_sl0p25_tp0p2,structural,80.0,160.0,12.5,20.0,8,90,2,0.25,0.2,84467.8007,0.844678,-1384.7,0.5972,0.312,516,0.967054,177.073896,351.222287,1478.9124,-115.9196,6361.8
structural_w80_cb160_tol12p5_rt18_dp10_cd60_ml2_sl0p25_tp0p2,structural,80.0,160.0,12.5,18.0,10,60,2,0.25,0.2,84306.9109,0.843069,-1432.79,0.5972,0.308,516,0.967054,173.11835,230.513414,1676.0339,-126.1455,6361.8
structural_w80_cb160_tol15_rt16_dp8_cd60_ml2_sl0p25_tp0p2,structural,80.0,160.0,15.0,16.0,8,60,2,0.25,0.2,84306.5021,0.843065,-1432.79,0.656,0.332,520,0.961538,118.338543,166.817599,1355.1548,-135.7399,6361.8
structural_w80_cb160_tol12p5_rt18_dp10_cd90_ml2_sl0p25_tp0p2,structural,80.0,160.0,12.5,18.0,10,90,2,0.25,0.2,83225.9778,0.83226,-1432.79,0.5972,0.28,509,0.964637,160.583678,227.570729,1510.7215,-126.1455,6361.8
structural_w80_cb160_tol15_rt16_dp8_cd90_ml2_sl0p25_tp0p2,structural,80.0,160.0,15.0,16.0,8,90,2,0.25,0.2,82800.3807,0.828004,-1432.79,0.656,0.292,510,0.958824,111.372586,163.855296,1202.3563,-135.7399,6361.8
structural_w80_cb160_tol15_rt18_dp8_cd60_ml2_sl0p25_tp0p2,structural,80.0,160.0,15.0,18.0,8,60,2,0.25,0.2,82133.7416,0.821337,-1432.79,0.656,0.304,507,0.960552,115.314507,162.544122,1353.1229,-135.7399,6361.8
structural_w80_cb160_tol12p5_rt20_dp10_cd60_ml2_sl0p25_tp0p2,structural,80.0,160.0,12.5,20.0,10,60,2,0.25,0.2,81793.4319,0.817934,-1432.79,0.5972,0.256,500,0.964,140.751093,175.739728,1510.7215,-126.1455,6361.8
structural_w80_cb160_tol12p5_rt20_dp10_cd90_ml2_sl0p25_tp0p2,structural,80.0,160.0,12.5,20.0,10,90,2,0.25,0.2,81175.3077,0.811753,-1432.79,0.5972,0.24,496,0.961694,132.568916,174.419196,1510.7215,-126.1455,6361.8
structural_w80_cb160_tol15_rt18_dp8_cd90_ml2_sl0p25_tp0p2,structural,80.0,160.0,15.0,18.0,8,90,2,0.25,0.2,80784.5148,0.807845,-1432.79,0.656,0.268,498,0.957831,108.68548,159.890405,1202.3563,-135.7399,6361.8
structural_w80_cb160_tol15_rt20_dp8_cd60_ml2_sl0p25_tp0p2,structural,80.0,160.0,15.0,20.0,8,60,2,0.25,0.2,80340.03,0.8034,-1432.79,0.656,0.26,496,0.961694,114.308304,159.016174,1202.3563,-135.7399,6361.8
structural_w80_cb160_tol15_rt20_dp8_cd90_ml2_sl0p25_tp0p2,structural,80.0,160.0,15.0,20.0,8,90,2,0.25,0.2,79808.607,0.798086,-1432.79,0.656,0.244,492,0.95935,108.741839,157.970949,1202.3563,-135.7399,6361.8
structural_w80_cb160_tol15_rt16_dp10_cd60_ml2_sl0p25_tp0p2,structural,80.0,160.0,15.0,16.0,10,60,2,0.25,0.2,79086.4614,0.790865,-3486.09,0.656,0.264,495,0.957576,29.708312,31.194553,1376.6593,-2203.3301,6361.8
structural_w80_cb160_tol15_rt18_dp10_cd60_ml2_sl0p25_tp0p2,structural,80.0,160.0,15.0,18.0,10,60,2,0.25,0.2,78147.6825,0.781477,-3486.09,0.656,0.244,489,0.957055,29.367558,30.836135,1376.6593,-2203.3301,6361.8
structural_w80_cb160_tol15_rt16_dp10_cd90_ml2_sl0p25_tp0p2,structural,80.0,160.0,15.0,16.0,10,90,2,0.25,0.2,77992.5759,0.779926,-3486.09,0.656,0.236,488,0.954918,28.989159,30.776916,1208.8291,-2203.3301,6361.8
structural_w80_cb160_tol15_rt18_dp10_cd90_ml2_sl0p25_tp0p2,structural,80.0,160.0,15.0,18.0,10,90,2,0.25,0.2,77237.8821,0.772379,-3486.09,0.656,0.22,483,0.954451,28.718345,30.488781,1208.8291,-2203.3301,6361.8
structural_w80_cb160_tol15_rt20_dp10_cd60_ml2_sl0p25_tp0p2,structural,80.0,160.0,15.0,20.0,10,60,2,0.25,0.2,75836.0606,0.758361,-3486.09,0.656,0.2,475,0.953684,27.606475,28.88103,1208.8291,-2203.3301,6361.8
structural_w80_cb160_tol17p5_rt16_dp8_cd60_ml2_sl0p25_tp0p2,structural,80.0,160.0,17.5,16.0,8,60,2,0.25,0.2,75250.7109,0.752507,-3486.09,0.7097,0.184,472,0.957627,28.09789,29.721321,1178.4856,-2203.3301,6361.8
structural_w80_cb160_tol15_rt20_dp10_cd90_ml2_sl0p25_tp0p2,structural,80.0,160.0,15.0,20.0,10,90,2,0.25,0.2,75232.1789,0.752322,-3486.09,0.656,0.184,471,0.951168,27.104286,28.659014,1208.8291,-2203.3301,6361.8
structural_w80_cb160_tol17p5_rt18_dp8_cd60_ml2_sl0p25_tp0p2,structural,80.0,160.0,17.5,18.0,8,60,2,0.25,0.2,74893.2678,0.748933,-3486.09,0.7097,0.18,470,0.957447,27.969172,29.584894,1178.4856,-2203.3301,6361.8
structural_w80_cb160_tol17p5_rt16_dp8_cd90_ml2_sl0p25_tp0p2,structural,80.0,160.0,17.5,16.0,8,90,2,0.25,0.2,74881.5477,0.748815,-3486.09,0.7097,0.172,469,0.957356,27.964955,29.580421,1178.4856,-2203.3301,6361.8
structural_w80_cb160_tol17p5_rt18_dp8_cd90_ml2_sl0p25_tp0p2,structural,80.0,160.0,17.5,18.0,8,90,2,0.25,0.2,74787.2372,0.747872,-3486.09,0.7097,0.172,469,0.957356,27.930994,29.544425,1178.4856,-2203.3301,6361.8
structural_w80_cb160_tol17p5_rt20_dp8_cd60_ml2_sl0p25_tp0p2,structural,80.0,160.0,17.5,20.0,8,60,2,0.25,0.2,74269.9479,0.742699,-3486.09,0.7097,0.172,467,0.957173,27.744714,29.346988,1178.4856,-2203.3301,6361.8
structural_w80_cb160_tol17p5_rt20_dp8_cd90_ml2_sl0p25_tp0p2,structural,80.0,160.0,17.5,20.0,8,90,2,0.25,0.2,74163.9173,0.741639,-3486.09,0.7097,0.164,466,0.957082,27.706536,29.306519,1178.4856,-2203.3301,6361.8
structural_w80_cb160_tol17p5_rt20_dp10_cd60_ml2_sl0p25_tp0p2,structural,80.0,160.0,17.5,20.0,10,60,2,0.25,0.2,72398.1098,0.723981,-3486.09,0.7097,0.124,453,0.953642,26.554334,27.66318,1178.4856,-2203.3301,6361.8
structural_w80_cb160_tol17p5_rt16_dp10_cd60_ml2_sl0p25_tp0p2,structural,80.0,160.0,17.5,16.0,10,60,2,0.25,0.2,72286.2201,0.722862,-3486.09,0.7097,0.128,453,0.951435,26.467198,27.621973,1178.4856,-2203.3301,6361.8
structural_w80_cb160_tol17p5_rt18_dp10_cd60_ml2_sl0p25_tp0p2,structural,80.0,160.0,17.5,18.0,10,60,2,0.25,0.2,72286.2201,0.722862,-3486.09,0.7097,0.128,453,0.951435,26.467198,27.621973,1178.4856,-2203.3301,6361.8
structural_w80_cb160_tol17p5_rt20_dp10_cd90_ml2_sl0p25_tp0p2,structural,80.0,160.0,17.5,20.0,10,90,2,0.25,0.2,72275.8625,0.722759,-3486.09,0.7097,0.12,452,0.951327,26.360174,27.618158,1178.4856,-2203.3301,6361.8
structural_w80_cb160_tol17p5_rt16_dp10_cd90_ml2_sl0p25_tp0p2,structural,80.0,160.0,17.5,16.0,10,90,2,0.25,0.2,72009.802,0.720098,-3486.09,0.7097,0.12,451,0.949002,26.219919,27.520172,1178.4856,-2203.3301,6361.8
structural_w80_cb160_tol17p5_rt18_dp10_cd90_ml2_sl0p25_tp0p2,structural,80.0,160.0,17.5,18.0,10,90,2,0.25,0.2,72009.802,0.720098,-3486.09,0.7097,0.12,451,0.949002,26.219919,27.520172,1178.4856,-2203.3301,6361.8
structural_w70_cb140_tol12p5_rt16_dp8_cd60_ml2_sl0p25_tp0p2,structural,70.0,140.0,12.5,16.0,8,60,2,0.25,0.2,71575.8107,0.715758,-1281.79,0.5972,0.452,561,0.928699,57.162943,97.494502,1305.2629,-179.1028,5569.8
structural_w70_cb140_tol12p5_rt16_dp8_cd90_ml2_sl0p25_tp0p2,structural,70.0,140.0,12.5,16.0,8,90,2,0.25,0.2,70362.2741,0.703623,-1281.79,0.5972,0.408,551,0.916515,51.528689,95.85848,1186.6919,-179.1028,5569.8
structural_w70_cb140_tol12p5_rt18_dp8_cd60_ml2_sl0p25_tp0p2,structural,70.0,140.0,12.5,18.0,8,60,2,0.25,0.2,69441.7437,0.694417,-1281.79,0.5972,0.416,547,0.925046,54.053052,94.617472,1303.2171,-179.1028,5569.8
structural_w80_cb160_tol20_rt16_dp8_cd60_ml2_sl0p25_tp0p2,structural,80.0,160.0,20.0,16.0,8,60,2,0.25,0.2,68926.2437,0.689262,-3400.2400000000002,0.7548,0.108,439,0.949886,24.9423,26.352956,1266.306,-2203.9259,6361.8
structural_w80_cb160_tol20_rt18_dp8_cd60_ml2_sl0p25_tp0p2,structural,80.0,160.0,20.0,18.0,8,60,2,0.25,0.2,68926.2437,0.689262,-3400.2400000000002,0.7548,0.108,439,0.949886,24.9423,26.352956,1266.306,-2203.9259,6361.8
structural_w80_cb160_tol20_rt20_dp8_cd60_ml2_sl0p25_tp0p2,structural,80.0,160.0,20.0,20.0,8,60,2,0.25,0.2,68926.2437,0.689262,-3400.2400000000002,0.7548,0.108,439,0.949886,24.9423,26.352956,1266.306,-2203.9259,6361.8
structural_w80_cb160_tol20_rt16_dp8_cd90_ml2_sl0p25_tp0p2,structural,80.0,160.0,20.0,16.0,8,90,2,0.25,0.2,68655.843,0.686558,-3400.2400000000002,0.7548,0.1,437,0.949657,24.84838,26.253495,1266.306,-2203.9259,6361.8
structural_w80_cb160_tol20_rt18_dp8_cd90_ml2_sl0p25_tp0p2,structural,80.0,160.0,20.0,18.0,8,90,2,0.25,0.2,68655.843,0.686558,-3400.2400000000002,0.7548,0.1,437,0.949657,24.84838,26.253495,1266.306,-2203.9259,6361.8
structural_w80_cb160_tol20_rt20_dp8_cd90_ml2_sl0p25_tp0p2,structural,80.0,160.0,20.0,20.0,8,90,2,0.25,0.2,68655.843,0.686558,-3400.2400000000002,0.7548,0.1,437,0.949657,24.84838,26.253495,1266.306,-2203.9259,6361.8
structural_w80_cb160_tol20_rt16_dp10_cd60_ml2_sl0p25_tp0p2,structural,80.0,160.0,20.0,16.0,10,60,2,0.25,0.2,68532.7625,0.685328,-3400.2400000000002,0.7548,0.08,433,0.946882,24.922887,26.208223,1278.1648,-2203.9259,6361.8
structural_w80_cb160_tol20_rt18_dp10_cd60_ml2_sl0p25_tp0p2,structural,80.0,160.0,20.0,18.0,10,60,2,0.25,0.2,68532.7625,0.685328,-3400.2400000000002,0.7548,0.08,433,0.946882,24.922887,26.208223,1278.1648,-2203.9259,6361.8
structural_w80_cb160_tol20_rt20_dp10_cd60_ml2_sl0p25_tp0p2,structural,80.0,160.0,20.0,20.0,10,60,2,0.25,0.2,68532.7625,0.685328,-3400.2400000000002,0.7548,0.08,433,0.946882,24.922887,26.208223,1278.1648,-2203.9259,6361.8
structural_w80_cb160_tol20_rt16_dp10_cd90_ml2_sl0p25_tp0p2,structural,80.0,160.0,20.0,16.0,10,90,2,0.25,0.2,68380.7383,0.683807,-3400.2400000000002,0.7548,0.076,432,0.944444,24.730075,26.152304,1278.1648,-2203.9259,6361.8
structural_w80_cb160_tol20_rt18_dp10_cd90_ml2_sl0p25_tp0p2,structural,80.0,160.0,20.0,18.0,10,90,2,0.25,0.2,68380.7383,0.683807,-3400.2400000000002,0.7548,0.076,432,0.944444,24.730075,26.152304,1278.1648,-2203.9259,6361.8
structural_w80_cb160_tol20_rt20_dp10_cd90_ml2_sl0p25_tp0p2,structural,80.0,160.0,20.0,20.0,10,90,2,0.25,0.2,68380.7383,0.683807,-3400.2400000000002,0.7548,0.076,432,0.944444,24.730075,26.152304,1278.1648,-2203.9259,6361.8
structural_w70_cb140_tol12p5_rt18_dp8_cd90_ml2_sl0p25_tp0p2,structural,70.0,140.0,12.5,18.0,8,90,2,0.25,0.2,68181.9079,0.681819,-1281.79,0.5972,0.368,536,0.912313,48.779853,92.919032,1186.6919,-179.1028,5569.8
structural_w70_cb140_tol12p5_rt16_dp10_cd60_ml2_sl0p25_tp0p2,structural,70.0,140.0,12.5,16.0,10,60,2,0.25,0.2,67989.8198,0.679898,-1330.51,0.5972,0.348,530,0.911321,48.426238,67.947814,1352.8852,-191.201,5569.8
structural_w70_cb140_tol12p5_rt16_dp10_cd90_ml2_sl0p25_tp0p2,structural,70.0,140.0,12.5,16.0,10,90,2,0.25,0.2,66965.6981,0.669657,-1330.51,0.5972,0.316,522,0.908046,45.70487,66.939388,1218.2777,-191.201,5569.8
structural_w70_cb140_tol12p5_rt20_dp8_cd60_ml2_sl0p25_tp0p2,structural,70.0,140.0,12.5,20.0,8,60,2,0.25,0.2,66530.1994,0.665302,-1281.79,0.5972,0.336,521,0.913628,49.715404,88.115662,1186.6919,-179.1028,5569.8
structural_w70_cb140_tol12p5_rt20_dp8_cd90_ml2_sl0p25_tp0p2,structural,70.0,140.0,12.5,20.0,8,90,2,0.25,0.2,65977.8535,0.659779,-1281.79,0.5972,0.312,516,0.905039,46.583037,87.392412,1186.6919,-179.1028,5569.8
structural_w70_cb140_tol12p5_rt18_dp10_cd60_ml2_sl0p25_tp0p2,structural,70.0,140.0,12.5,18.0,10,60,2,0.25,0.2,65808.0704,0.658081,-1330.51,0.5972,0.308,516,0.906977,46.250961,65.799502,1352.8852,-191.201,5569.8
structural_w70_cb140_tol12p5_rt18_dp10_cd90_ml2_sl0p25_tp0p2,structural,70.0,140.0,12.5,18.0,10,90,2,0.25,0.2,64942.0357,0.64942,-1330.51,0.5972,0.28,509,0.903733,43.762974,64.94674,1218.2777,-191.201,5569.8
structural_w70_cb140_tol15_rt16_dp8_cd60_ml2_sl0p25_tp0p2,structural,70.0,140.0,15.0,16.0,8,60,2,0.25,0.2,63997.8498,0.639978,-3063.94,0.656,0.332,519,0.913295,19.877379,22.979827,1094.6627,-1947.3962,5569.8
structural_w70_cb140_tol12p5_rt20_dp10_cd60_ml2_sl0p25_tp0p2,structural,70.0,140.0,12.5,20.0,10,60,2,0.25,0.2,63784.452,0.637845,-1330.51,0.5972,0.256,500,0.9,40.486433,53.841801,1218.2777,-191.201,5569.8
structural_w70_cb140_tol12p5_rt20_dp10_cd90_ml2_sl0p25_tp0p2,structural,70.0,140.0,12.5,20.0,10,90,2,0.25,0.2,63289.1271,0.632891,-1330.51,0.5972,0.24,496,0.897177,38.678575,53.431452,1218.2777,-191.201,5569.8
structural_w70_cb140_tol15_rt16_dp8_cd90_ml2_sl0p25_tp0p2,structural,70.0,140.0,15.0,16.0,8,90,2,0.25,0.2,62798.187,0.627982,-3063.94,0.656,0.292,509,0.905697,18.971565,22.567807,1006.6168,-1947.3962,5569.8
structural_w70_cb140_tol15_rt18_dp8_cd60_ml2_sl0p25_tp0p2,structural,70.0,140.0,15.0,18.0,8,60,2,0.25,0.2,62226.8703,0.622269,-3063.94,0.656,0.304,506,0.911067,19.354989,22.37159,1092.6316,-1947.3962,5569.8
structural_w70_cb140_tol15_rt16_dp10_cd60_ml2_sl0p25_tp0p2,structural,70.0,140.0,15.0,16.0,10,60,2,0.25,0.2,61577.5565,0.615776,-3063.94,0.656,0.264,495,0.90101,18.709793,20.87854,1116.1572,-1947.3962,5569.8
structural_w70_cb140_tol15_rt18_dp8_cd90_ml2_sl0p25_tp0p2,structural,70.0,140.0,15.0,18.0,8,90,2,0.25,0.2,61153.5054,0.611535,-3063.94,0.656,0.268,497,0.903421,18.500889,22.002947,1006.6168,-1947.3962,5569.8
structural_w70_cb140_tol15_rt18_dp10_cd60_ml2_sl0p25_tp0p2,structural,70.0,140.0,15.0,18.0,10,60,2,0.25,0.2,60817.7679,0.608178,-3063.94,0.656,0.244,489,0.899796,18.491268,20.633264,1116.1572,-1947.3962,5569.8
structural_w70_cb140_tol15_rt20_dp8_cd60_ml2_sl0p25_tp0p2,structural,70.0,140.0,15.0,20.0,8,60,2,0.25,0.2,60769.1277,0.607691,-3063.94,0.656,0.26,495,0.90303,18.827191,21.870934,1006.6168,-1947.3962,5569.8
structural_w70_cb140_tol15_rt16_dp10_cd90_ml2_sl0p25_tp0p2,structural,70.0,140.0,15.0,16.0,10,90,2,0.25,0.2,60698.5754,0.606986,-3063.94,0.656,0.236,488,0.89959,18.175531,20.594787,1006.6168,-1947.3962,5569.8
structural_w70_cb140_tol15_rt20_dp8_cd90_ml2_sl0p25_tp0p2,structural,70.0,140.0,15.0,20.0,8,90,2,0.25,0.2,60359.838,0.603598,-3063.94,0.656,0.244,491,0.900204,18.354456,21.730365,1006.6168,-1947.3962,5569.8
structural_w70_cb140_tol15_rt18_dp10_cd90_ml2_sl0p25_tp0p2,structural,70.0,140.0,15.0,18.0,10,90,2,0.25,0.2,60092.1584,0.600922,-3063.94,0.656,0.22,483,0.898551,18.003928,20.399022,1006.6168,-1947.3962,5569.8
structural_w70_cb140_tol15_rt20_dp10_cd60_ml2_sl0p25_tp0p2,structural,70.0,140.0,15.0,20.0,10,60,2,0.25,0.2,58933.7183,0.589337,-3063.94,0.656,0.2,475,0.892632,17.270471,19.037604,1006.6168,-1947.3962,5569.8
structural_w70_cb140_tol17p5_rt16_dp8_cd60_ml2_sl0p25_tp0p2,structural,70.0,140.0,17.5,16.0,8,60,2,0.25,0.2,58452.7256,0.584527,-3063.94,0.7097,0.184,472,0.908898,17.975248,20.508946,1009.1254,-1947.3962,5569.8
structural_w70_cb140_tol15_rt20_dp10_cd90_ml2_sl0p25_tp0p2,structural,70.0,140.0,15.0,20.0,10,90,2,0.25,0.2,58452.6293,0.584526,-3063.94,0.656,0.184,471,0.89172,16.88772,18.890359,1006.6168,-1947.3962,5569.8
structural_w70_cb140_tol17p5_rt16_dp8_cd90_ml2_sl0p25_tp0p2,structural,70.0,140.0,17.5,16.0,8,90,2,0.25,0.2,58174.2622,0.581743,-3063.94,0.7097,0.172,469,0.906183,17.884522,20.416007,1009.1254,-1947.3962,5569.8
structural_w70_cb140_tol17p5_rt18_dp8_cd60_ml2_sl0p25_tp0p2,structural,70.0,140.0,17.5,18.0,8,60,2,0.25,0.2,58157.4346,0.581574,-3063.94,0.7097,0.18,470,0.908511,17.889493,20.410391,1009.1254,-1947.3962,5569.8
structural_w70_cb140_tol17p5_rt18_dp8_cd90_ml2_sl0p25_tp0p2,structural,70.0,140.0,17.5,18.0,8,90,2,0.25,0.2,58080.8299,0.580808,-3063.94,0.7097,0.172,469,0.906183,17.857405,20.384823,1009.1254,-1947.3962,5569.8
structural_w70_cb140_tol17p5_rt20_dp8_cd60_ml2_sl0p25_tp0p2,structural,70.0,140.0,17.5,20.0,8,60,2,0.25,0.2,57625.6629,0.576257,-3063.94,0.7097,0.172,467,0.907923,17.735059,20.232909,1009.1254,-1947.3962,5569.8
structural_w70_cb140_tol17p5_rt20_dp8_cd90_ml2_sl0p25_tp0p2,structural,70.0,140.0,17.5,20.0,8,90,2,0.25,0.2,57549.0581,0.575491,-3063.94,0.7097,0.164,466,0.905579,17.703061,20.207341,1009.1254,-1947.3962,5569.8
structural_w70_cb140_tol17p5_rt20_dp10_cd60_ml2_sl0p25_tp0p2,structural,70.0,140.0,17.5,20.0,10,60,2,0.25,0.2,56173.8928,0.561739,-3063.94,0.7097,0.124,453,0.891832,16.531172,18.759316,1009.1254,-1947.3962,5569.8
structural_w70_cb140_tol17p5_rt20_dp10_cd90_ml2_sl0p25_tp0p2,structural,70.0,140.0,17.5,20.0,10,90,2,0.25,0.2,56082.3303,0.560823,-3063.94,0.7097,0.12,452,0.889381,16.291836,18.730368,1009.1254,-1947.3962,5569.8
structural_w70_cb140_tol17p5_rt16_dp10_cd60_ml2_sl0p25_tp0p2,structural,70.0,140.0,17.5,16.0,10,60,2,0.25,0.2,56065.9135,0.560659,-3063.94,0.7097,0.128,453,0.891832,16.397063,18.725178,1009.1254,-1947.3962,5569.8
structural_w70_cb140_tol17p5_rt18_dp10_cd60_ml2_sl0p25_tp0p2,structural,70.0,140.0,17.5,18.0,10,60,2,0.25,0.2,56065.9135,0.560659,-3063.94,0.7097,0.128,453,0.891832,16.397063,18.725178,1009.1254,-1947.3962,5569.8
structural_w70_cb140_tol17p5_rt16_dp10_cd90_ml2_sl0p25_tp0p2,structural,70.0,140.0,17.5,16.0,10,90,2,0.25,0.2,55850.9841,0.55851,-3063.94,0.7097,0.12,451,0.889135,16.127737,18.657229,1009.1254,-1947.3962,5569.8
structural_w70_cb140_tol17p5_rt18_dp10_cd90_ml2_sl0p25_tp0p2,structural,70.0,140.0,17.5,18.0,10,90,2,0.25,0.2,55850.9841,0.55851,-3063.94,0.7097,0.12,451,0.889135,16.127737,18.657229,1009.1254,-1947.3962,5569.8
structural_w70_cb140_tol20_rt16_dp8_cd60_ml2_sl0p25_tp0p2,structural,70.0,140.0,20.0,16.0,8,60,2,0.25,0.2,53194.3751,0.531944,-2976.07,0.7548,0.108,439,0.892938,15.468412,17.301222,1009.1254,-1947.8882,5569.8
structural_w70_cb140_tol20_rt18_dp8_cd60_ml2_sl0p25_tp0p2,structural,70.0,140.0,20.0,18.0,8,60,2,0.25,0.2,53194.3751,0.531944,-2976.07,0.7548,0.108,439,0.892938,15.468412,17.301222,1009.1254,-1947.8882,5569.8
structural_w70_cb140_tol20_rt20_dp8_cd60_ml2_sl0p25_tp0p2,structural,70.0,140.0,20.0,20.0,8,60,2,0.25,0.2,53194.3751,0.531944,-2976.07,0.7548,0.108,439,0.892938,15.468412,17.301222,1009.1254,-1947.8882,5569.8
structural_w70_cb140_tol20_rt16_dp8_cd90_ml2_sl0p25_tp0p2,structural,70.0,140.0,20.0,16.0,8,90,2,0.25,0.2,52985.4603,0.529855,-2976.07,0.7548,0.1,437,0.89016,15.404927,17.237201,1009.1254,-1947.8882,5569.8
structural_w70_cb140_tol20_rt18_dp8_cd90_ml2_sl0p25_tp0p2,structural,70.0,140.0,20.0,18.0,8,90,2,0.25,0.2,52985.4603,0.529855,-2976.07,0.7548,0.1,437,0.89016,15.404927,17.237201,1009.1254,-1947.8882,5569.8
structural_w70_cb140_tol20_rt20_dp8_cd90_ml2_sl0p25_tp0p2,structural,70.0,140.0,20.0,20.0,8,90,2,0.25,0.2,52985.4603,0.529855,-2976.07,0.7548,0.1,437,0.89016,15.404927,17.237201,1009.1254,-1947.8882,5569.8
structural_w70_cb140_tol20_rt16_dp10_cd60_ml2_sl0p25_tp0p2,structural,70.0,140.0,20.0,16.0,10,60,2,0.25,0.2,52981.1946,0.529812,-2976.07,0.7548,0.08,433,0.886836,15.419873,17.235894,1014.1139,-1947.8882,5569.8
structural_w70_cb140_tol20_rt18_dp10_cd60_ml2_sl0p25_tp0p2,structural,70.0,140.0,20.0,18.0,10,60,2,0.25,0.2,52981.1946,0.529812,-2976.07,0.7548,0.08,433,0.886836,15.419873,17.235894,1014.1139,-1947.8882,5569.8
structural_w70_cb140_tol20_rt20_dp10_cd60_ml2_sl0p25_tp0p2,structural,70.0,140.0,20.0,20.0,10,60,2,0.25,0.2,52981.1946,0.529812,-2976.07,0.7548,0.08,433,0.886836,15.419873,17.235894,1014.1139,-1947.8882,5569.8
structural_w70_cb140_tol20_rt16_dp10_cd90_ml2_sl0p25_tp0p2,structural,70.0,140.0,20.0,16.0,10,90,2,0.25,0.2,52859.869,0.528599,-2976.07,0.7548,0.076,432,0.884259,15.191334,17.198714,1014.1139,-1947.8882,5569.8
structural_w70_cb140_tol20_rt18_dp10_cd90_ml2_sl0p25_tp0p2,structural,70.0,140.0,20.0,18.0,10,90,2,0.25,0.2,52859.869,0.528599,-2976.07,0.7548,0.076,432,0.884259,15.191334,17.198714,1014.1139,-1947.8882,5569.8
structural_w70_cb140_tol20_rt20_dp10_cd90_ml2_sl0p25_tp0p2,structural,70.0,140.0,20.0,20.0,10,90,2,0.25,0.2,52859.869,0.528599,-2976.07,0.7548,0.076,432,0.884259,15.191334,17.198714,1014.1139,-1947.8882,5569.8
structural_w60_cb120_tol12p5_rt16_dp8_cd60_ml2_sl0p25_tp0p2,structural,60.0,120.0,12.5,16.0,8,60,2,0.25,0.2,46002.6705,0.460027,-4221.51,0.5972,0.444,559,0.864043,6.161441,6.870993,982.4805,-3151.4469,4777.8
structural_w60_cb120_tol12p5_rt16_dp8_cd90_ml2_sl0p25_tp0p2,structural,60.0,120.0,12.5,16.0,8,90,2,0.25,0.2,45095.1575,0.450952,-4221.51,0.5972,0.4,549,0.854281,5.898164,6.694517,894.5935,-3151.4469,4777.8
structural_w60_cb120_tol12p5_rt18_dp8_cd60_ml2_sl0p25_tp0p2,structural,60.0,120.0,12.5,18.0,8,60,2,0.25,0.2,44196.942,0.441969,-4221.51,0.5972,0.404,544,0.858456,5.908968,6.618695,980.436,-3151.4469,4777.8
structural_w60_cb120_tol12p5_rt18_dp8_cd90_ml2_sl0p25_tp0p2,structural,60.0,120.0,12.5,18.0,8,90,2,0.25,0.2,43273.9773,0.43274,-4221.51,0.5972,0.356,533,0.844278,5.635325,6.443601,894.5935,-3151.4469,4777.8
structural_w60_cb120_tol12p5_rt20_dp8_cd60_ml2_sl0p25_tp0p2,structural,60.0,120.0,12.5,20.0,8,60,2,0.25,0.2,42041.6124,0.420416,-4221.51,0.5972,0.328,519,0.840077,5.537898,6.241719,894.5935,-3151.4469,4777.8
structural_w60_cb120_tol12p5_rt20_dp8_cd90_ml2_sl0p25_tp0p2,structural,60.0,120.0,12.5,20.0,8,90,2,0.25,0.2,41642.036,0.41642,-4221.51,0.5972,0.304,514,0.832685,5.389609,6.138429,894.5935,-3151.4469,4777.8
structural_w60_cb120_tol12p5_rt16_dp10_cd60_ml2_sl0p25_tp0p2,structural,60.0,120.0,12.5,16.0,10,60,2,0.25,0.2,40328.5392,0.403285,-4244.49,0.5972,0.344,528,0.842803,4.296909,4.634275,1029.8648,-3159.1995,4777.8
structural_w60_cb120_tol12p5_rt16_dp10_cd90_ml2_sl0p25_tp0p2,structural,60.0,120.0,12.5,16.0,10,90,2,0.25,0.2,39549.8323,0.395498,-4244.49,0.5972,0.312,520,0.832692,4.188501,4.539347,925.9512,-3159.1995,4777.8
structural_w60_cb120_tol12p5_rt18_dp10_cd60_ml2_sl0p25_tp0p2,structural,60.0,120.0,12.5,18.0,10,60,2,0.25,0.2,38448.6916,0.384487,-4244.49,0.5972,0.3,513,0.834308,4.128694,4.464869,1029.8648,-3159.1995,4777.8
structural_w60_cb120_tol12p5_rt18_dp10_cd90_ml2_sl0p25_tp0p2,structural,60.0,120.0,12.5,18.0,10,90,2,0.25,0.2,37797.4673,0.377975,-4244.49,0.5972,0.272,506,0.826087,4.0282,4.382526,925.9512,-3159.1995,4777.8
structural_w60_cb120_tol12p5_rt20_dp10_cd60_ml2_sl0p25_tp0p2,structural,60.0,120.0,12.5,20.0,10,60,2,0.25,0.2,35619.8214,0.356198,-5649.240000000001,0.5972,0.252,498,0.827309,3.558945,3.775934,925.9512,-3159.1995,4777.8
structural_w60_cb120_tol15_rt16_dp8_cd60_ml2_sl0p25_tp0p2,structural,60.0,120.0,15.0,16.0,8,60,2,0.25,0.2,35582.3348,0.355823,-6722.4800000000005,0.656,0.316,516,0.844961,3.332593,3.508041,837.6529,-3159.1995,4777.8
structural_w60_cb120_tol12p5_rt20_dp10_cd90_ml2_sl0p25_tp0p2,structural,60.0,120.0,12.5,20.0,10,90,2,0.25,0.2,35247.2456,0.352472,-5649.240000000001,0.5972,0.236,494,0.825911,3.510208,3.730384,925.9512,-3159.1995,4777.8
structural_w60_cb120_tol15_rt18_dp8_cd60_ml2_sl0p25_tp0p2,structural,60.0,120.0,15.0,18.0,8,60,2,0.25,0.2,34115.632,0.341156,-6819.840000000001,0.656,0.284,502,0.838645,3.235355,3.40466,837.6529,-3159.1995,4777.8
structural_w60_cb120_tol15_rt16_dp10_cd60_ml2_sl0p25_tp0p2,structural,60.0,120.0,15.0,16.0,10,60,2,0.25,0.2,33898.963,0.33899,-6949.02,0.656,0.26,494,0.831984,3.196145,3.364929,855.7551,-3159.1995,4777.8
structural_w60_cb120_tol15_rt18_dp10_cd60_ml2_sl0p25_tp0p2,structural,60.0,120.0,15.0,18.0,10,60,2,0.25,0.2,33194.0596,0.331941,-7063.09,0.656,0.236,487,0.827515,3.149081,3.315752,855.7551,-3159.1995,4777.8
structural_w60_cb120_tol15_rt16_dp8_cd90_ml2_sl0p25_tp0p2,structural,60.0,120.0,15.0,16.0,8,90,2,0.25,0.2,33120.697,0.331207,-6825.719999999999,0.656,0.276,506,0.833992,2.942683,3.193975,837.6529,-3159.1995,4777.8
structural_w60_cb120_tol15_rt18_dp8_cd90_ml2_sl0p25_tp0p2,structural,60.0,120.0,15.0,18.0,8,90,2,0.25,0.2,31749.7075,0.317497,-6923.09,0.656,0.248,493,0.829615,2.86227,3.103158,837.6529,-3159.1995,4777.8
structural_w60_cb120_tol15_rt16_dp10_cd90_ml2_sl0p25_tp0p2,structural,60.0,120.0,15.0,16.0,10,90,2,0.25,0.2,31601.1736,0.316012,-6949.02,0.656,0.232,487,0.827515,2.844237,3.065985,837.6529,-3159.1995,4777.8
structural_w60_cb120_tol15_rt20_dp8_cd60_ml2_sl0p25_tp0p2,structural,60.0,120.0,15.0,20.0,8,60,2,0.25,0.2,31388.518,0.313885,-6955.469999999999,0.656,0.244,492,0.827236,2.854879,3.082841,837.6529,-3159.1995,4777.8
structural_w60_cb120_tol15_rt20_dp8_cd90_ml2_sl0p25_tp0p2,structural,60.0,120.0,15.0,20.0,8,90,2,0.25,0.2,31101.2986,0.311013,-6955.469999999999,0.656,0.228,488,0.82377,2.820559,3.052415,837.6529,-3159.1995,4777.8
structural_w60_cb120_tol15_rt18_dp10_cd90_ml2_sl0p25_tp0p2,structural,60.0,120.0,15.0,18.0,10,90,2,0.25,0.2,31018.9362,0.310189,-7063.09,0.656,0.212,481,0.823285,2.809197,3.02792,837.6529,-3159.1995,4777.8
structural_w60_cb120_tol17p5_rt16_dp8_cd60_ml2_sl0p25_tp0p2,structural,60.0,120.0,17.5,16.0,8,60,2,0.25,0.2,29894.3707,0.298944,-6776.900000000001,0.7097,0.18,471,0.821656,2.768201,2.962986,839.7921,-3159.1942,4777.8
structural_w60_cb120_tol17p5_rt16_dp8_cd90_ml2_sl0p25_tp0p2,structural,60.0,120.0,17.5,16.0,8,90,2,0.25,0.2,29706.5566,0.297066,-6776.900000000001,0.7097,0.168,468,0.824786,2.75844,2.945888,839.7921,-3159.1942,4777.8
structural_w60_cb120_tol17p5_rt18_dp8_cd60_ml2_sl0p25_tp0p2,structural,60.0,120.0,17.5,18.0,8,60,2,0.25,0.2,29661.2133,0.296612,-6776.900000000001,0.7097,0.176,469,0.820896,2.753153,2.947676,839.7921,-3159.1942,4777.8
structural_w60_cb120_tol17p5_rt18_dp8_cd90_ml2_sl0p25_tp0p2,structural,60.0,120.0,17.5,18.0,8,90,2,0.25,0.2,29614.0159,0.29614,-6776.900000000001,0.7097,0.168,468,0.824786,2.751705,2.939826,839.7921,-3159.1942,4777.8
structural_w60_cb120_tol17p5_rt20_dp8_cd60_ml2_sl0p25_tp0p2,structural,60.0,120.0,17.5,20.0,8,60,2,0.25,0.2,29220.9776,0.29221,-6776.900000000001,0.7097,0.168,466,0.819742,2.727789,2.918768,839.7921,-3159.1942,4777.8
structural_w60_cb120_tol17p5_rt20_dp8_cd90_ml2_sl0p25_tp0p2,structural,60.0,120.0,17.5,20.0,8,90,2,0.25,0.2,29173.7802,0.291738,-6776.900000000001,0.7097,0.16,465,0.823656,2.726322,2.910989,839.7921,-3159.1942,4777.8
structural_w60_cb120_tol15_rt20_dp10_cd60_ml2_sl0p25_tp0p2,structural,60.0,120.0,15.0,20.0,10,60,2,0.25,0.2,28808.8862,0.288089,-8692.89,0.656,0.196,474,0.818565,2.546175,2.709113,837.6529,-3159.1995,4777.8
structural_w60_cb120_tol15_rt20_dp10_cd90_ml2_sl0p25_tp0p2,structural,60.0,120.0,15.0,20.0,10,90,2,0.25,0.2,28450.5375,0.284505,-8692.89,0.656,0.18,470,0.821277,2.521516,2.680118,837.6529,-3159.1995,4777.8
structural_w60_cb120_tol17p5_rt20_dp10_cd60_ml2_sl0p25_tp0p2,structural,60.0,120.0,17.5,20.0,10,60,2,0.25,0.2,28382.7358,0.283827,-8965.720000000001,0.7097,0.12,452,0.811947,2.65584,2.764855,839.7921,-3159.1942,4777.8
structural_w60_cb120_tol17p5_rt20_dp10_cd90_ml2_sl0p25_tp0p2,structural,60.0,120.0,17.5,20.0,10,90,2,0.25,0.2,28321.8405,0.283218,-8965.720000000001,0.7097,0.116,451,0.81153,2.647246,2.756323,839.7921,-3159.1942,4777.8
structural_w60_cb120_tol17p5_rt16_dp10_cd60_ml2_sl0p25_tp0p2,structural,60.0,120.0,17.5,16.0,10,60,2,0.25,0.2,28278.6796,0.282787,-8965.720000000001,0.7097,0.124,452,0.811947,2.647428,2.758384,839.7921,-3159.1942,4777.8
structural_w60_cb120_tol17p5_rt18_dp10_cd60_ml2_sl0p25_tp0p2,structural,60.0,120.0,17.5,18.0,10,60,2,0.25,0.2,28278.6796,0.282787,-8965.720000000001,0.7097,0.124,452,0.811947,2.647428,2.758384,839.7921,-3159.1942,4777.8
structural_w60_cb120_tol17p5_rt16_dp10_cd90_ml2_sl0p25_tp0p2,structural,60.0,120.0,17.5,16.0,10,90,2,0.25,0.2,28125.2086,0.281252,-8965.720000000001,0.7097,0.116,450,0.811111,2.633494,2.74413,839.7921,-3159.1942,4777.8
structural_w60_cb120_tol17p5_rt18_dp10_cd90_ml2_sl0p25_tp0p2,structural,60.0,120.0,17.5,18.0,10,90,2,0.25,0.2,28125.2086,0.281252,-8965.720000000001,0.7097,0.116,450,0.811111,2.633494,2.74413,839.7921,-3159.1942,4777.8
structural_w60_cb120_tol20_rt16_dp10_cd60_ml2_sl0p25_tp0p2,structural,60.0,120.0,20.0,16.0,10,60,2,0.25,0.2,24646.5394,0.246465,-10966.15,0.7548,0.08,433,0.810624,2.327912,2.397323,839.7921,-3159.1942,4777.8
structural_w60_cb120_tol20_rt18_dp10_cd60_ml2_sl0p25_tp0p2,structural,60.0,120.0,20.0,18.0,10,60,2,0.25,0.2,24646.5394,0.246465,-10966.15,0.7548,0.08,433,0.810624,2.327912,2.397323,839.7921,-3159.1942,4777.8
structural_w60_cb120_tol20_rt20_dp10_cd60_ml2_sl0p25_tp0p2,structural,60.0,120.0,20.0,20.0,10,60,2,0.25,0.2,24646.5394,0.246465,-10966.15,0.7548,0.08,433,0.810624,2.327912,2.397323,839.7921,-3159.1942,4777.8
structural_w60_cb120_tol20_rt16_dp10_cd90_ml2_sl0p25_tp0p2,structural,60.0,120.0,20.0,16.0,10,90,2,0.25,0.2,24555.8995,0.245559,-10966.15,0.7548,0.076,432,0.810185,2.318772,2.392184,839.7921,-3159.1942,4777.8
structural_w60_cb120_tol20_rt18_dp10_cd90_ml2_sl0p25_tp0p2,structural,60.0,120.0,20.0,18.0,10,90,2,0.25,0.2,24555.8995,0.245559,-10966.15,0.7548,0.076,432,0.810185,2.318772,2.392184,839.7921,-3159.1942,4777.8
structural_w60_cb120_tol20_rt20_dp10_cd90_ml2_sl0p25_tp0p2,structural,60.0,120.0,20.0,20.0,10,90,2,0.25,0.2,24555.8995,0.245559,-10966.15,0.7548,0.076,432,0.810185,2.318772,2.392184,839.7921,-3159.1942,4777.8
structural_w60_cb120_tol20_rt16_dp8_cd60_ml2_sl0p25_tp0p2,structural,60.0,120.0,20.0,16.0,8,60,2,0.25,0.2,23046.376,0.230464,-11009.9,0.7548,0.108,439,0.813212,2.148312,2.2443,839.7921,-3159.1942,4777.8
structural_w60_cb120_tol20_rt18_dp8_cd60_ml2_sl0p25_tp0p2,structural,60.0,120.0,20.0,18.0,8,60,2,0.25,0.2,23046.376,0.230464,-11009.9,0.7548,0.108,439,0.813212,2.148312,2.2443,839.7921,-3159.1942,4777.8
structural_w60_cb120_tol20_rt20_dp8_cd60_ml2_sl0p25_tp0p2,structural,60.0,120.0,20.0,20.0,8,60,2,0.25,0.2,23046.376,0.230464,-11009.9,0.7548,0.108,439,0.813212,2.148312,2.2443,839.7921,-3159.1942,4777.8
structural_w60_cb120_tol20_rt16_dp8_cd90_ml2_sl0p25_tp0p2,structural,60.0,120.0,20.0,16.0,8,90,2,0.25,0.2,22898.9159,0.228989,-11009.9,0.7548,0.1,437,0.814645,2.140898,2.236338,839.7921,-3159.1942,4777.8
structural_w60_cb120_tol20_rt18_dp8_cd90_ml2_sl0p25_tp0p2,structural,60.0,120.0,20.0,18.0,8,90,2,0.25,0.2,22898.9159,0.228989,-11009.9,0.7548,0.1,437,0.814645,2.140898,2.236338,839.7921,-3159.1942,4777.8
structural_w60_cb120_tol20_rt20_dp8_cd90_ml2_sl0p25_tp0p2,structural,60.0,120.0,20.0,20.0,8,90,2,0.25,0.2,22898.9159,0.228989,-11009.9,0.7548,0.1,437,0.814645,2.140898,2.236338,839.7921,-3159.1942,4777.8
structural_w50_cb100_tol12p5_rt16_dp8_cd60_ml2_sl0p25_tp0p2,structural,50.0,100.0,12.5,16.0,8,60,2,0.25,0.2,-2158.4464,-0.021584,-15242.88,0.5972,0.4,547,0.751371,0.94657,0.942929,749.4354,-2690.0894,3985.8
structural_w50_cb100_tol12p5_rt18_dp8_cd60_ml2_sl0p25_tp0p2,structural,50.0,100.0,12.5,18.0,8,60,2,0.25,0.2,-3370.497,-0.033705,-15903.93,0.5972,0.364,534,0.743446,0.916747,0.910866,749.4354,-2690.0894,3985.8
structural_w50_cb100_tol12p5_rt16_dp8_cd90_ml2_sl0p25_tp0p2,structural,50.0,100.0,12.5,16.0,8,90,2,0.25,0.2,-6408.2705,-0.064083,-16637.370000000003,0.5972,0.352,535,0.757009,0.855492,0.844694,749.4354,-2690.0894,3985.8
structural_w50_cb100_tol12p5_rt18_dp8_cd90_ml2_sl0p25_tp0p2,structural,50.0,100.0,12.5,18.0,8,90,2,0.25,0.2,-7604.9649,-0.07605,-17101.0,0.5972,0.312,521,0.744722,0.82913,0.815662,749.4354,-2690.0894,3985.8
structural_w50_cb100_tol12p5_rt16_dp10_cd60_ml2_sl0p25_tp0p2,structural,50.0,100.0,12.5,16.0,10,60,2,0.25,0.2,-8908.7905,-0.089088,-19829.41,0.5972,0.308,520,0.740385,0.805341,0.793151,749.4354,-2696.567,3985.8
structural_w50_cb100_tol12p5_rt16_dp10_cd90_ml2_sl0p25_tp0p2,structural,50.0,100.0,12.5,16.0,10,90,2,0.25,0.2,-10628.5362,-0.106285,-21013.93,0.5972,0.272,510,0.739216,0.774708,0.760726,749.4354,-2696.567,3985.8
structural_w50_cb100_tol12p5_rt20_dp8_cd60_ml2_sl0p25_tp0p2,structural,50.0,100.0,12.5,20.0,8,60,2,0.25,0.2,-10876.524,-0.108765,-20338.55,0.5972,0.288,514,0.733463,0.768565,0.752339,749.4354,-2690.0894,3985.8
structural_w50_cb100_tol12p5_rt18_dp10_cd60_ml2_sl0p25_tp0p2,structural,50.0,100.0,12.5,18.0,10,60,2,0.25,0.2,-11507.5214,-0.115075,-22041.6,0.5972,0.268,506,0.729249,0.75575,0.740958,749.4354,-2696.567,3985.8
structural_w50_cb100_tol15_rt16_dp8_cd60_ml2_sl0p25_tp0p2,structural,50.0,100.0,15.0,16.0,8,60,2,0.25,0.2,-11623.6403,-0.116236,-21664.33,0.656,0.284,511,0.735812,0.753316,0.736052,749.4354,-2755.358,3985.8
structural_w50_cb100_tol12p5_rt20_dp8_cd90_ml2_sl0p25_tp0p2,structural,50.0,100.0,12.5,20.0,8,90,2,0.25,0.2,-12309.748,-0.123097,-21375.67,0.5972,0.264,507,0.7357,0.745741,0.72813,749.4354,-2690.0894,3985.8
structural_w50_cb100_tol15_rt18_dp8_cd60_ml2_sl0p25_tp0p2,structural,50.0,100.0,15.0,18.0,8,60,2,0.25,0.2,-12445.3998,-0.124454,-22109.690000000002,0.656,0.26,501,0.728543,0.736276,0.717505,749.4354,-2755.358,3985.8
structural_w50_cb100_tol12p5_rt18_dp10_cd90_ml2_sl0p25_tp0p2,structural,50.0,100.0,12.5,18.0,10,90,2,0.25,0.2,-13130.3775,-0.131304,-23066.47,0.5972,0.236,497,0.72837,0.729398,0.713149,749.4354,-2696.567,3985.8
structural_w50_cb100_tol15_rt20_dp8_cd60_ml2_sl0p25_tp0p2,structural,50.0,100.0,15.0,20.0,8,60,2,0.25,0.2,-14264.1405,-0.142641,-22433.43,0.656,0.224,493,0.718053,0.706455,0.685977,749.4354,-2755.358,3985.8
structural_w50_cb100_tol15_rt16_dp8_cd90_ml2_sl0p25_tp0p2,structural,50.0,100.0,15.0,16.0,8,90,2,0.25,0.2,-14433.1341,-0.144331,-22787.129999999997,0.656,0.24,500,0.74,0.709785,0.690002,749.4354,-2755.358,3985.8
structural_w50_cb100_tol15_rt18_dp8_cd90_ml2_sl0p25_tp0p2,structural,50.0,100.0,15.0,18.0,8,90,2,0.25,0.2,-15190.0169,-0.1519,-23143.03,0.656,0.22,491,0.731161,0.694815,0.673951,749.4354,-2755.358,3985.8
structural_w50_cb100_tol17p5_rt16_dp8_cd60_ml2_sl0p25_tp0p2,structural,50.0,100.0,17.5,16.0,8,60,2,0.25,0.2,-15497.3303,-0.154973,-24904.89,0.7097,0.16,473,0.716702,0.681521,0.659496,750.6153,-2755.358,3985.8
structural_w50_cb100_tol15_rt20_dp8_cd90_ml2_sl0p25_tp0p2,structural,50.0,100.0,15.0,20.0,8,90,2,0.25,0.2,-15615.6913,-0.156157,-23394.300000000003,0.656,0.204,487,0.720739,0.687112,0.666224,749.4354,-2755.358,3985.8
structural_w50_cb100_tol17p5_rt18_dp8_cd60_ml2_sl0p25_tp0p2,structural,50.0,100.0,17.5,18.0,8,60,2,0.25,0.2,-15668.7596,-0.156688,-24880.93,0.7097,0.156,471,0.713376,0.678408,0.65573,750.6153,-2755.358,3985.8
structural_w50_cb100_tol17p5_rt16_dp8_cd90_ml2_sl0p25_tp0p2,structural,50.0,100.0,17.5,16.0,8,90,2,0.25,0.2,-15689.5042,-0.156895,-25017.64,0.7097,0.148,469,0.71855,0.677385,0.655794,750.6153,-2755.358,3985.8
structural_w50_cb100_tol17p5_rt18_dp8_cd90_ml2_sl0p25_tp0p2,structural,50.0,100.0,17.5,18.0,8,90,2,0.25,0.2,-15781.5072,-0.157815,-24993.68,0.7097,0.148,469,0.714286,0.675919,0.653775,750.6153,-2755.358,3985.8
structural_w50_cb100_tol12p5_rt20_dp10_cd60_ml2_sl0p25_tp0p2,structural,50.0,100.0,12.5,20.0,10,60,2,0.25,0.2,-15899.6907,-0.158997,-25809.550000000003,0.5972,0.22,493,0.728195,0.687938,0.669811,749.4354,-2696.567,3985.8
structural_w50_cb100_tol17p5_rt20_dp8_cd60_ml2_sl0p25_tp0p2,structural,50.0,100.0,17.5,20.0,8,60,2,0.25,0.2,-16017.2361,-0.160172,-25045.03,0.7097,0.148,468,0.711538,0.671173,0.648255,750.6153,-2755.358,3985.8
structural_w50_cb100_tol17p5_rt20_dp8_cd90_ml2_sl0p25_tp0p2,structural,50.0,100.0,17.5,20.0,8,90,2,0.25,0.2,-16129.9837,-0.1613,-25157.77,0.7097,0.14,466,0.712446,0.66868,0.646313,750.6153,-2755.358,3985.8
structural_w50_cb100_tol12p5_rt20_dp10_cd90_ml2_sl0p25_tp0p2,structural,50.0,100.0,12.5,20.0,10,90,2,0.25,0.2,-17335.8991,-0.173359,-26831.59,0.5972,0.2,487,0.731006,0.667876,0.64981,749.4354,-2696.567,3985.8
structural_w50_cb100_tol15_rt16_dp10_cd60_ml2_sl0p25_tp0p2,structural,50.0,100.0,15.0,16.0,10,60,2,0.25,0.2,-17608.0793,-0.176081,-25921.480000000003,0.656,0.236,494,0.726721,0.663218,0.641981,749.4354,-2778.446,3985.8
structural_w50_cb100_tol15_rt18_dp10_cd60_ml2_sl0p25_tp0p2,structural,50.0,100.0,15.0,18.0,10,60,2,0.25,0.2,-18114.2671,-0.181143,-26126.29,0.656,0.216,487,0.722793,0.653546,0.631689,749.4354,-2778.446,3985.8
structural_w50_cb100_tol15_rt16_dp10_cd90_ml2_sl0p25_tp0p2,structural,50.0,100.0,15.0,16.0,10,90,2,0.25,0.2,-19166.5339,-0.191665,-26903.809999999998,0.656,0.204,485,0.725773,0.642113,0.620859,749.4354,-2778.446,3985.8
structural_w50_cb100_tol15_rt18_dp10_cd90_ml2_sl0p25_tp0p2,structural,50.0,100.0,15.0,18.0,10,90,2,0.25,0.2,-19580.7486,-0.195807,-27108.620000000003,0.656,0.188,479,0.722338,0.63439,0.612665,749.4354,-2778.446,3985.8
structural_w50_cb100_tol15_rt20_dp10_cd60_ml2_sl0p25_tp0p2,structural,50.0,100.0,15.0,20.0,10,60,2,0.25,0.2,-21352.8216,-0.213528,-28621.789999999997,0.656,0.176,474,0.7173,0.6109,0.587589,749.4354,-2778.446,3985.8
structural_w50_cb100_tol15_rt20_dp10_cd90_ml2_sl0p25_tp0p2,structural,50.0,100.0,15.0,20.0,10,90,2,0.25,0.2,-22774.8153,-0.227748,-29692.1,0.656,0.156,468,0.717949,0.593593,0.571309,749.4354,-2778.446,3985.8
structural_w50_cb100_tol17p5_rt16_dp10_cd60_ml2_sl0p25_tp0p2,structural,50.0,100.0,17.5,16.0,10,60,2,0.25,0.2,-25113.8047,-0.251138,-30875.0,0.7097,0.108,455,0.70989,0.562452,0.539158,750.6153,-2778.446,3985.8
structural_w50_cb100_tol17p5_rt18_dp10_cd60_ml2_sl0p25_tp0p2,structural,50.0,100.0,17.5,18.0,10,60,2,0.25,0.2,-25113.8047,-0.251138,-30875.0,0.7097,0.108,455,0.70989,0.562452,0.539158,750.6153,-2778.446,3985.8
structural_w50_cb100_tol17p5_rt20_dp10_cd60_ml2_sl0p25_tp0p2,structural,50.0,100.0,17.5,20.0,10,60,2,0.25,0.2,-25175.6097,-0.251756,-30936.81,0.7097,0.104,454,0.711454,0.561312,0.538024,750.6153,-2778.446,3985.8
structural_w50_cb100_tol17p5_rt16_dp10_cd90_ml2_sl0p25_tp0p2,structural,50.0,100.0,17.5,16.0,10,90,2,0.25,0.2,-26402.554,-0.264026,-31873.96,0.7097,0.1,453,0.713024,0.549562,0.526177,750.6153,-2778.446,3985.8
structural_w50_cb100_tol17p5_rt18_dp10_cd90_ml2_sl0p25_tp0p2,structural,50.0,100.0,17.5,18.0,10,90,2,0.25,0.2,-26402.554,-0.264026,-31873.96,0.7097,0.1,453,0.713024,0.549562,0.526177,750.6153,-2778.446,3985.8
structural_w50_cb100_tol17p5_rt20_dp10_cd90_ml2_sl0p25_tp0p2,structural,50.0,100.0,17.5,20.0,10,90,2,0.25,0.2,-26402.554,-0.264026,-31873.96,0.7097,0.1,453,0.713024,0.549562,0.526177,750.6153,-2778.446,3985.8
structural_w50_cb100_tol20_rt16_dp10_cd60_ml2_sl0p25_tp0p2,structural,50.0,100.0,20.0,16.0,10,60,2,0.25,0.2,-29018.7769,-0.290188,-33869.28,0.7548,0.068,437,0.71167,0.513713,0.488432,750.6153,-2778.446,3985.8
structural_w50_cb100_tol20_rt18_dp10_cd60_ml2_sl0p25_tp0p2,structural,50.0,100.0,20.0,18.0,10,60,2,0.25,0.2,-29018.7769,-0.290188,-33869.28,0.7548,0.068,437,0.71167,0.513713,0.488432,750.6153,-2778.446,3985.8
structural_w50_cb100_tol20_rt20_dp10_cd60_ml2_sl0p25_tp0p2,structural,50.0,100.0,20.0,20.0,10,60,2,0.25,0.2,-29018.7769,-0.290188,-33869.28,0.7548,0.068,437,0.71167,0.513713,0.488432,750.6153,-2778.446,3985.8
structural_w50_cb100_tol20_rt16_dp10_cd90_ml2_sl0p25_tp0p2,structural,50.0,100.0,20.0,16.0,10,90,2,0.25,0.2,-30256.947,-0.302569,-34739.78,0.7548,0.064,436,0.713303,0.503421,0.477998,750.6153,-2778.446,3985.8
structural_w50_cb100_tol20_rt18_dp10_cd90_ml2_sl0p25_tp0p2,structural,50.0,100.0,20.0,18.0,10,90,2,0.25,0.2,-30256.947,-0.302569,-34739.78,0.7548,0.064,436,0.713303,0.503421,0.477998,750.6153,-2778.446,3985.8
structural_w50_cb100_tol20_rt20_dp10_cd90_ml2_sl0p25_tp0p2,structural,50.0,100.0,20.0,20.0,10,90,2,0.25,0.2,-30256.947,-0.302569,-34739.78,0.7548,0.064,436,0.713303,0.503421,0.477998,750.6153,-2778.446,3985.8
structural_w50_cb100_tol20_rt16_dp8_cd60_ml2_sl0p25_tp0p2,structural,50.0,100.0,20.0,16.0,8,60,2,0.25,0.2,-30468.4295,-0.304684,-34810.29,0.7548,0.092,441,0.707483,0.500478,0.474074,750.6153,-2755.358,3985.8
structural_w50_cb100_tol20_rt18_dp8_cd60_ml2_sl0p25_tp0p2,structural,50.0,100.0,20.0,18.0,8,60,2,0.25,0.2,-30468.4295,-0.304684,-34810.29,0.7548,0.092,441,0.707483,0.500478,0.474074,750.6153,-2755.358,3985.8
structural_w50_cb100_tol20_rt20_dp8_cd60_ml2_sl0p25_tp0p2,structural,50.0,100.0,20.0,20.0,8,60,2,0.25,0.2,-30468.4295,-0.304684,-34810.29,0.7548,0.092,441,0.707483,0.500478,0.474074,750.6153,-2755.358,3985.8
structural_w50_cb100_tol20_rt16_dp8_cd90_ml2_sl0p25_tp0p2,structural,50.0,100.0,20.0,16.0,8,90,2,0.25,0.2,-30581.6826,-0.305817,-34923.54,0.7548,0.084,439,0.708428,0.498406,0.472397,750.6153,-2755.358,3985.8
structural_w50_cb100_tol20_rt18_dp8_cd90_ml2_sl0p25_tp0p2,structural,50.0,100.0,20.0,18.0,8,90,2,0.25,0.2,-30581.6826,-0.305817,-34923.54,0.7548,0.084,439,0.708428,0.498406,0.472397,750.6153,-2755.358,3985.8
structural_w50_cb100_tol20_rt20_dp8_cd90_ml2_sl0p25_tp0p2,structural,50.0,100.0,20.0,20.0,8,90,2,0.25,0.2,-30581.6826,-0.305817,-34923.54,0.7548,0.084,439,0.708428,0.498406,0.472397,750.6153,-2755.358,3985.8
structural_w40_cb80_tol12p5_rt16_dp8_cd60_ml2_sl0p25_tp0p2,structural,40.0,80.0,12.5,16.0,8,60,2,0.25,0.2,-54123.8069,-0.541238,-54719.119999999995,0.5972,0.296,514,0.63035,0.305306,0.274667,607.6111,-3177.1349,3193.8
structural_w40_cb80_tol12p5_rt18_dp8_cd60_ml2_sl0p25_tp0p2,structural,40.0,80.0,12.5,18.0,8,60,2,0.25,0.2,-55989.7577,-0.559898,-56585.06999999999,0.5972,0.264,502,0.61753,0.292105,0.261634,607.6111,-3177.1349,3193.8
structural_w40_cb80_tol12p5_rt16_dp8_cd90_ml2_sl0p25_tp0p2,structural,40.0,80.0,12.5,16.0,8,90,2,0.25,0.2,-57122.6708,-0.571227,-57717.98,0.5972,0.264,507,0.633136,0.29318,0.262522,607.6111,-3177.1349,3193.8
structural_w40_cb80_tol12p5_rt18_dp8_cd90_ml2_sl0p25_tp0p2,structural,40.0,80.0,12.5,18.0,8,90,2,0.25,0.2,-59875.0868,-0.598751,-60470.399999999994,0.5972,0.228,495,0.626263,0.278427,0.2483,607.6111,-3177.1349,3193.8
structural_w40_cb80_tol12p5_rt20_dp8_cd60_ml2_sl0p25_tp0p2,structural,40.0,80.0,12.5,20.0,8,60,2,0.25,0.2,-62454.9448,-0.624549,-63050.26,0.5972,0.2,484,0.61157,0.266232,0.236519,607.6111,-3177.1349,3193.8
structural_w40_cb80_tol12p5_rt16_dp10_cd60_ml2_sl0p25_tp0p2,structural,40.0,80.0,12.5,16.0,10,60,2,0.25,0.2,-63854.8996,-0.638549,-64450.21000000001,0.5972,0.22,489,0.629857,0.265727,0.238442,607.6111,-3177.1349,3193.8
structural_w40_cb80_tol12p5_rt20_dp8_cd90_ml2_sl0p25_tp0p2,structural,40.0,80.0,12.5,20.0,8,90,2,0.25,0.2,-64370.5211,-0.643705,-64965.83,0.5972,0.188,482,0.618257,0.260177,0.231462,607.6111,-3177.1349,3193.8
structural_w40_cb80_tol15_rt16_dp8_cd60_ml2_sl0p25_tp0p2,structural,40.0,80.0,15.0,16.0,8,60,2,0.25,0.2,-66443.4844,-0.664435,-66734.13,0.656,0.196,477,0.610063,0.247724,0.22113,607.6111,-3177.1349,3193.8
structural_w40_cb80_tol12p5_rt18_dp10_cd60_ml2_sl0p25_tp0p2,structural,40.0,80.0,12.5,18.0,10,60,2,0.25,0.2,-66714.4022,-0.667144,-67309.70999999999,0.5972,0.184,477,0.616352,0.252046,0.225582,607.6111,-3177.1349,3193.8
structural_w40_cb80_tol12p5_rt16_dp10_cd90_ml2_sl0p25_tp0p2,structural,40.0,80.0,12.5,16.0,10,90,2,0.25,0.2,-66997.1518,-0.669972,-67592.46,0.5972,0.188,483,0.63354,0.255029,0.227462,607.6111,-3177.1349,3193.8
structural_w40_cb80_tol15_rt18_dp8_cd60_ml2_sl0p25_tp0p2,structural,40.0,80.0,15.0,18.0,8,60,2,0.25,0.2,-68760.0605,-0.687601,-69050.71,0.656,0.176,469,0.603412,0.23938,0.213224,607.6111,-3177.1349,3193.8
structural_w40_cb80_tol12p5_rt18_dp10_cd90_ml2_sl0p25_tp0p2,structural,40.0,80.0,12.5,18.0,10,90,2,0.25,0.2,-68772.5609,-0.687726,-69367.87000000001,0.5972,0.16,473,0.61945,0.24564,0.218763,607.6111,-3177.1349,3193.8
structural_w40_cb80_tol12p5_rt20_dp10_cd60_ml2_sl0p25_tp0p2,structural,40.0,80.0,12.5,20.0,10,60,2,0.25,0.2,-68866.6182,-0.688666,-69461.93,0.5972,0.14,466,0.618026,0.244314,0.217971,607.6111,-3182.4473,3193.8
structural_w40_cb80_tol12p5_rt20_dp10_cd90_ml2_sl0p25_tp0p2,structural,40.0,80.0,12.5,20.0,10,90,2,0.25,0.2,-68898.0723,-0.688981,-69493.38,0.5972,0.136,465,0.619355,0.243655,0.217614,607.6111,-3182.4473,3193.8
structural_w40_cb80_tol15_rt16_dp8_cd90_ml2_sl0p25_tp0p2,structural,40.0,80.0,15.0,16.0,8,90,2,0.25,0.2,-70145.0753,-0.701451,-70435.72,0.656,0.164,473,0.61945,0.238872,0.211315,607.6111,-3177.1349,3193.8
structural_w40_cb80_tol15_rt16_dp10_cd60_ml2_sl0p25_tp0p2,structural,40.0,80.0,15.0,16.0,10,60,2,0.25,0.2,-71408.8516,-0.714089,-71861.65999999999,0.656,0.152,466,0.613734,0.23362,0.208578,607.6111,-3177.1349,3193.8
structural_w40_cb80_tol15_rt18_dp8_cd90_ml2_sl0p25_tp0p2,structural,40.0,80.0,15.0,18.0,8,90,2,0.25,0.2,-71458.3988,-0.714584,-71749.05,0.656,0.148,466,0.613734,0.233655,0.206195,607.6111,-3177.1349,3193.8
structural_w40_cb80_tol15_rt18_dp10_cd60_ml2_sl0p25_tp0p2,structural,40.0,80.0,15.0,18.0,10,60,2,0.25,0.2,-71682.559,-0.716826,-72135.37,0.656,0.132,459,0.607843,0.230928,0.205053,607.6111,-3177.1349,3193.8
structural_w40_cb80_tol15_rt16_dp10_cd90_ml2_sl0p25_tp0p2,structural,40.0,80.0,15.0,16.0,10,90,2,0.25,0.2,-72309.7163,-0.723097,-72762.51999999999,0.656,0.136,465,0.619355,0.231863,0.205982,607.6111,-3177.1349,3193.8
structural_w40_cb80_tol15_rt18_dp10_cd90_ml2_sl0p25_tp0p2,structural,40.0,80.0,15.0,18.0,10,90,2,0.25,0.2,-72522.1212,-0.725221,-72974.93,0.656,0.12,459,0.6122,0.229904,0.203162,607.6111,-3177.1349,3193.8
structural_w40_cb80_tol15_rt20_dp8_cd60_ml2_sl0p25_tp0p2,structural,40.0,80.0,15.0,20.0,8,60,2,0.25,0.2,-72763.398,-0.727634,-73054.04999999999,0.656,0.144,462,0.601732,0.228547,0.201775,607.6111,-3177.1349,3193.8
structural_w40_cb80_tol15_rt20_dp8_cd90_ml2_sl0p25_tp0p2,structural,40.0,80.0,15.0,20.0,8,90,2,0.25,0.2,-73589.8625,-0.735899,-73880.51000000001,0.656,0.136,462,0.608225,0.227043,0.200369,607.6111,-3177.1349,3193.8
structural_w40_cb80_tol15_rt20_dp10_cd60_ml2_sl0p25_tp0p2,structural,40.0,80.0,15.0,20.0,10,60,2,0.25,0.2,-73624.7699,-0.736248,-74077.58,0.656,0.1,454,0.61674,0.226106,0.200058,607.6111,-3182.4473,3193.8
structural_w40_cb80_tol15_rt20_dp10_cd90_ml2_sl0p25_tp0p2,structural,40.0,80.0,15.0,20.0,10,90,2,0.25,0.2,-73624.7699,-0.736248,-74077.58,0.656,0.1,454,0.61674,0.226106,0.200058,607.6111,-3182.4473,3193.8
structural_w40_cb80_tol20_rt16_dp10_cd90_ml2_sl0p25_tp0p2,structural,40.0,80.0,20.0,16.0,10,90,2,0.25,0.2,-74398.8105,-0.743988,-74911.29,0.7548,0.032,429,0.608392,0.207032,0.182869,447.2517,-3213.632,3193.8
structural_w40_cb80_tol20_rt16_dp10_cd60_ml2_sl0p25_tp0p2,structural,40.0,80.0,20.0,16.0,10,60,2,0.25,0.2,-74398.8105,-0.743988,-74911.29,0.7548,0.032,429,0.608392,0.207032,0.182869,447.2517,-3213.632,3193.8
structural_w40_cb80_tol20_rt18_dp10_cd60_ml2_sl0p25_tp0p2,structural,40.0,80.0,20.0,18.0,10,60,2,0.25,0.2,-74398.8105,-0.743988,-74911.29,0.7548,0.032,429,0.608392,0.207032,0.182869,447.2517,-3213.632,3193.8
structural_w40_cb80_tol20_rt18_dp10_cd90_ml2_sl0p25_tp0p2,structural,40.0,80.0,20.0,18.0,10,90,2,0.25,0.2,-74398.8105,-0.743988,-74911.29,0.7548,0.032,429,0.608392,0.207032,0.182869,447.2517,-3213.632,3193.8
structural_w40_cb80_tol20_rt20_dp10_cd60_ml2_sl0p25_tp0p2,structural,40.0,80.0,20.0,20.0,10,60,2,0.25,0.2,-74398.8105,-0.743988,-74911.29,0.7548,0.032,429,0.608392,0.207032,0.182869,447.2517,-3213.632,3193.8
structural_w40_cb80_tol20_rt20_dp10_cd90_ml2_sl0p25_tp0p2,structural,40.0,80.0,20.0,20.0,10,90,2,0.25,0.2,-74398.8105,-0.743988,-74911.29,0.7548,0.032,429,0.608392,0.207032,0.182869,447.2517,-3213.632,3193.8
structural_w40_cb80_tol17p5_rt16_dp8_cd60_ml2_sl0p25_tp0p2,structural,40.0,80.0,17.5,16.0,8,60,2,0.25,0.2,-74474.8217,-0.744748,-74765.47,0.7097,0.104,451,0.609756,0.217427,0.19298,447.5903,-3177.1349,3193.8
structural_w40_cb80_tol17p5_rt16_dp8_cd90_ml2_sl0p25_tp0p2,structural,40.0,80.0,17.5,16.0,8,90,2,0.25,0.2,-74493.1474,-0.744931,-74783.8,0.7097,0.1,449,0.610245,0.216956,0.192781,447.5903,-3177.1349,3193.8
structural_w40_cb80_tol17p5_rt18_dp8_cd60_ml2_sl0p25_tp0p2,structural,40.0,80.0,17.5,18.0,8,60,2,0.25,0.2,-75580.9718,-0.75581,-75871.62,0.7097,0.1,449,0.608018,0.214683,0.189085,447.5903,-3177.1349,3193.8
structural_w40_cb80_tol17p5_rt18_dp8_cd90_ml2_sl0p25_tp0p2,structural,40.0,80.0,17.5,18.0,8,90,2,0.25,0.2,-75580.9718,-0.75581,-75871.62,0.7097,0.1,449,0.608018,0.214683,0.189085,447.5903,-3177.1349,3193.8
structural_w40_cb80_tol17p5_rt20_dp8_cd60_ml2_sl0p25_tp0p2,structural,40.0,80.0,17.5,20.0,8,60,2,0.25,0.2,-75638.2592,-0.756383,-75928.91,0.7097,0.092,448,0.607143,0.213909,0.188708,447.5903,-3177.1349,3193.8
structural_w40_cb80_tol17p5_rt20_dp8_cd90_ml2_sl0p25_tp0p2,structural,40.0,80.0,17.5,20.0,8,90,2,0.25,0.2,-75638.2592,-0.756383,-75928.91,0.7097,0.092,448,0.607143,0.213909,0.188708,447.5903,-3177.1349,3193.8
structural_w40_cb80_tol20_rt16_dp8_cd60_ml2_sl0p25_tp0p2,structural,40.0,80.0,20.0,16.0,8,60,2,0.25,0.2,-75650.8526,-0.756509,-76163.33,0.7548,0.04,427,0.59719,0.202545,0.179407,447.2517,-3213.632,3193.8
structural_w40_cb80_tol20_rt16_dp8_cd90_ml2_sl0p25_tp0p2,structural,40.0,80.0,20.0,16.0,8,90,2,0.25,0.2,-75650.8526,-0.756509,-76163.33,0.7548,0.04,427,0.59719,0.202545,0.179407,447.2517,-3213.632,3193.8
structural_w40_cb80_tol20_rt18_dp8_cd60_ml2_sl0p25_tp0p2,structural,40.0,80.0,20.0,18.0,8,60,2,0.25,0.2,-75650.8526,-0.756509,-76163.33,0.7548,0.04,427,0.59719,0.202545,0.179407,447.2517,-3213.632,3193.8
structural_w40_cb80_tol20_rt18_dp8_cd90_ml2_sl0p25_tp0p2,structural,40.0,80.0,20.0,18.0,8,90,2,0.25,0.2,-75650.8526,-0.756509,-76163.33,0.7548,0.04,427,0.59719,0.202545,0.179407,447.2517,-3213.632,3193.8
structural_w40_cb80_tol20_rt20_dp8_cd60_ml2_sl0p25_tp0p2,structural,40.0,80.0,20.0,20.0,8,60,2,0.25,0.2,-75650.8526,-0.756509,-76163.33,0.7548,0.04,427,0.59719,0.202545,0.179407,447.2517,-3213.632,3193.8
structural_w40_cb80_tol20_rt20_dp8_cd90_ml2_sl0p25_tp0p2,structural,40.0,80.0,20.0,20.0,8,90,2,0.25,0.2,-75650.8526,-0.756509,-76163.33,0.7548,0.04,427,0.59719,0.202545,0.179407,447.2517,-3213.632,3193.8
structural_w40_cb80_tol17p5_rt16_dp10_cd90_ml2_sl0p25_tp0p2,structural,40.0,80.0,17.5,16.0,10,90,2,0.25,0.2,-77414.1929,-0.774142,-77867.0,0.7097,0.052,444,0.621622,0.210662,0.184307,447.5903,-3214.2312,3193.8
structural_w40_cb80_tol17p5_rt16_dp10_cd60_ml2_sl0p25_tp0p2,structural,40.0,80.0,17.5,16.0,10,60,2,0.25,0.2,-77414.1929,-0.774142,-77867.0,0.7097,0.052,444,0.621622,0.210662,0.184307,447.5903,-3214.2312,3193.8
structural_w40_cb80_tol17p5_rt18_dp10_cd60_ml2_sl0p25_tp0p2,structural,40.0,80.0,17.5,18.0,10,60,2,0.25,0.2,-77414.1929,-0.774142,-77867.0,0.7097,0.052,444,0.621622,0.210662,0.184307,447.5903,-3214.2312,3193.8
structural_w40_cb80_tol17p5_rt18_dp10_cd90_ml2_sl0p25_tp0p2,structural,40.0,80.0,17.5,18.0,10,90,2,0.25,0.2,-77414.1929,-0.774142,-77867.0,0.7097,0.052,444,0.621622,0.210662,0.184307,447.5903,-3214.2312,3193.8
structural_w40_cb80_tol17p5_rt20_dp10_cd60_ml2_sl0p25_tp0p2,structural,40.0,80.0,17.5,20.0,10,60,2,0.25,0.2,-77414.1929,-0.774142,-77867.0,0.7097,0.052,444,0.621622,0.210662,0.184307,447.5903,-3214.2312,3193.8
structural_w40_cb80_tol17p5_rt20_dp10_cd90_ml2_sl0p25_tp0p2,structural,40.0,80.0,17.5,20.0,10,90,2,0.25,0.2,-77414.1929,-0.774142,-77867.0,0.7097,0.052,444,0.621622,0.210662,0.184307,447.5903,-3214.2312,3193.8
